caso,documento,opcion,emision,valido_hasta,nacimiento,solicitud_renovacion,sin_alta_ss,hoy,codigo,fecha_fin,puede_trabajar,aviso_contiene,fuente
Larga duración con la tarjeta caducada,TIE (tarjeta de identidad de extranjero),«RESIDENCIA» + «RESIDENCIA LARGA DURACIÓN AUTORIZA A TRABAJAR» (o «LARGA DURACIÓN-UE»),01/03/2021,01/03/2026,,,,26/09/2026,P1,01/03/2026,SÍ,La larga duración no se extingue,Tabla comentada P1 · reglas fila 3
"Británico del Acuerdo de Retirada, tarjeta de 10 años",TIE (tarjeta de identidad de extranjero),«ARTÍCULO 50 TUE» (anverso) · «EMITIDO BAJO ART. 18.4 ACUERDO RETIRADA» (reverso),01/01/2022,01/01/2032,,,,26/09/2026,P0,01/01/2032,SÍ,,Tabla comentada P0 · reglas fila 4
Arraigo concedido después del 16/04/2026 (el ejemplo del Excel),TIE (tarjeta de identidad de extranjero),"Circunstancias excepcionales / arraigo (social, sociolaboral, familiar, 2ª oportunidad)",04/05/2026,04/05/2027,,,,26/09/2026,R5,04/05/2027,SÍ,"es RE, no R5",IDENTIFICAR (ejemplo) · reglas fila 14
Arraigo concedido antes del 16/04/2026,TIE (tarjeta de identidad de extranjero),"Circunstancias excepcionales / arraigo (social, sociolaboral, familiar, 2ª oportunidad)",01/03/2026,01/03/2027,,,,26/09/2026,R5,01/03/2027,SÍ,Arraigos: 1 año,reglas fila 14
No lucrativa inicial: 1 año,TIE (tarjeta de identidad de extranjero),Residencia no lucrativa,01/02/2026,01/02/2027,,,,26/09/2026,R1,01/02/2027,NO,,Tabla comentada R1 · reglas fila 10
No lucrativa renovada: 2 años,TIE (tarjeta de identidad de extranjero),Residencia no lucrativa,01/02/2025,01/02/2027,,,,26/09/2026,R2,01/02/2027,NO,,Tabla comentada R2 · reglas fila 10
"No lucrativa anterior al RD 1155, caducada y sin resguardo",TIE (tarjeta de identidad de extranjero),Residencia no lucrativa,01/02/2025,01/02/2026,,,,26/09/2026,R1,01/02/2026,NO,añade el Col. 17,Tabla comentada R1 (Col. 17 antiguas) · reglas fila 10
"Cuenta ajena sin limitación, tarjeta de 4 años: renovada",TIE (tarjeta de identidad de extranjero),Residencia y trabajo por cuenta ajena – SIN limitación de comunidad ni ocupación,15/06/2025,15/06/2029,,,,26/09/2026,T2,15/06/2029,SÍ,,Tabla comentada T2 · reglas fila 11
"Cuenta ajena sin limitación, tarjeta de 1 año: inicial",TIE (tarjeta de identidad de extranjero),Residencia y trabajo por cuenta ajena – SIN limitación de comunidad ni ocupación,15/06/2026,15/06/2027,,,,26/09/2026,T0,15/06/2027,SÍ,,Tabla comentada T0 · reglas fila 11
Cuenta ajena con una ocupación en observaciones,TIE (tarjeta de identidad de extranjero),Residencia y trabajo por cuenta ajena – CON limitación (en observaciones aparece una ocupación o un ámbito),01/07/2026,01/07/2027,,,,26/09/2026,T1,01/07/2027,"SÍ, con límites",Ámbito territorial,Tabla comentada T1 · reglas fila 12
"Tarjeta que no dice el motivo, de 4 años",TIE (tarjeta de identidad de extranjero),«RESIDENCIA TEMPORAL» + «AUTORIZA A TRABAJAR» / «CUENTA AJENA» sin decir el motivo,01/09/2025,01/09/2029,,,,26/09/2026,Probable T2 · mira la resolución,01/09/2029,SÍ (según la tarjeta),pide la resolución,reglas fila 2
"Tarjeta que no dice el motivo, sin fechas",TIE (tarjeta de identidad de extranjero),«RESIDENCIA TEMPORAL» + «AUTORIZA A TRABAJAR» / «CUENTA AJENA» sin decir el motivo,,,,,,26/09/2026,Mira la resolución (faltan fechas),La del documento (rellena «Válido hasta»),SÍ (según la tarjeta),,reglas fila 2
Régimen de menores con 16 años,TIE (tarjeta de identidad de extranjero),Menor no acompañado / régimen de menores,01/01/2026,01/01/2028,01/01/2010,,,26/09/2026,M1,01/01/2028,"SÍ, con límites",,Tabla comentada M1 · reglas fila 20
Régimen de menores con 19 años,TIE (tarjeta de identidad de extranjero),Menor no acompañado / régimen de menores,01/01/2026,01/01/2028,01/01/2007,,,26/09/2026,M3,01/01/2028,SÍ,,Tabla comentada M3 · reglas fila 20
"Reagrupado «no autoriza a trabajar» expedida con 14, hoy con 17",TIE (tarjeta de identidad de extranjero),Reagrupación familiar + «NO AUTORIZA A TRABAJAR»,01/03/2024,01/03/2029,01/06/2009,,,26/09/2026,R7,01/03/2029,SÍ,Tiene 17 años: se puede inscribir,Tabla comentada R7 (expedida siendo menor) · reglas fila 9
Ascendiente reagrupado «no autoriza a trabajar»,TIE (tarjeta de identidad de extranjero),Reagrupación familiar + «NO AUTORIZA A TRABAJAR»,01/03/2026,01/03/2027,01/06/1960,,,26/09/2026,R3,01/03/2027,NO,,Tabla comentada R3 · reglas fila 9
Protección internacional: primer mes,"Documento de protección internacional, apatridia o protección temporal","Nuevo resguardo de solicitud (desde 12/06/2026), con fecha de registro impresa",01/09/2026,,,,,26/09/2026,NO SE INSCRIBE,—,,1er mes: no se inscribe,Tabla comentada C1 · reglas fila 48
Protección internacional: tercer mes,"Documento de protección internacional, apatridia o protección temporal","Nuevo resguardo de solicitud (desde 12/06/2026), con fecha de registro impresa",01/06/2026,,,,,26/09/2026,C1,La del documento (rellena «Válido hasta»),NO,Han pasado 3 meses,Tabla comentada C1 · reglas fila 48
Protección internacional: sexto mes,"Documento de protección internacional, apatridia o protección temporal","Nuevo resguardo de solicitud (desde 12/06/2026), con fecha de registro impresa",01/03/2026,01/03/2027,,,,26/09/2026,A1,01/03/2027,SÍ,,Tabla comentada A1 · reglas fila 48
Familiar de español con la solicitud admitida,"Solicitud, resguardo o comunicación de Extranjería en trámite",Solicitud de familiar de persona española (R0) admitida a trámite,01/09/2026,,,,,26/09/2026,R0,01/11/2026,SÍ,,Tabla comentada R0 (presentación + 2 meses) · reglas fila 33
"Arraigo sociolaboral admitido, con los 3 meses pasados","Solicitud, resguardo o comunicación de Extranjería en trámite",Arraigo sociolaboral admitido a trámite,15/05/2026,,,,,26/09/2026,R5,15/08/2026,SÍ,Ese plazo ya ha pasado,Tabla comentada R5 (admisión + 3 meses) · reglas fila 34
Renovación pedida en plazo,"Solicitud, resguardo o comunicación de Extranjería en trámite",Renovación o prórroga de su autorización (resguardo),,01/08/2026,,15/07/2026,,26/09/2026,El código de su autorización anterior,La de su autorización anterior (y anota la fecha de solicitud de renovación),,Solicitud en plazo. Graba fecha fin de vigencia 1/8/2026 y fecha de solicitud de renovación 15/7/2026,EN TRÁMITE fila 4 · reglas fila 32
Renovación pedida fuera de plazo,"Solicitud, resguardo o comunicación de Extranjería en trámite",Renovación o prórroga de su autorización (resguardo),,01/08/2026,,15/03/2026,,26/09/2026,El código de su autorización anterior,La de su autorización anterior (y anota la fecha de solicitud de renovación),,FUERA de plazo,EN TRÁMITE fila 4 · reglas fila 32
Renovación sin fechas,"Solicitud, resguardo o comunicación de Extranjería en trámite",Renovación o prórroga de su autorización (resguardo),,,,,,26/09/2026,El código de su autorización anterior,La de su autorización anterior (y anota la fecha de solicitud de renovación),,Rellena «Válido hasta» y «Solicitud de renovación»,reglas fila 32
Ciudadano UE con certificado de registro,Ciudadano UE/EEE/Suiza o familiar de UE sin tarjeta,Ciudadano UE/EEE/Suiza con certificado de registro (NIE),,,,,,26/09/2026,UE (id. E),01/01/2200,SÍ,,Tabla comentada UE · reglas fila 68
Ciudadano UE solo con el DNI,Ciudadano UE/EEE/Suiza o familiar de UE sin tarjeta,Ciudadano UE/EEE/Suiza solo con DNI o pasaporte (sin NIE),,,,,,26/09/2026,UE (id. U),25/03/2027,SÍ,Identificador U,Tabla comentada UE (registro + 180 días) · reglas fila 69
Familiar de UE con resolución desfavorable,Ciudadano UE/EEE/Suiza o familiar de UE sin tarjeta,Familiar de UE con resolución DESFAVORABLE + pasaporte (acredita el vínculo; denegada por art. 7),10/02/2026,,,,,26/09/2026,F1,10/02/2031,SÍ,,Tabla comentada F1 (resolución + 5 años) · reglas fila 73
Menor tutelado sin autorización,"Otro documento (menores, penados, silencio positivo…)",Acreditación de Protección de Menores de la CM (menor de 16-18 sin autorización),,,31/08/2010,,,26/09/2026,M2,29/11/2028,NO,,Tabla comentada M2 (nacimiento + 18 años + 90 días) · reglas fila 77
Reagrupado de 14 años,TIE (tarjeta de identidad de extranjero),Reagrupación familiar – autoriza a trabajar o no dice nada,01/01/2026,01/01/2031,01/01/2012,,,26/09/2026,R7,01/01/2031,SÍ,Menor de 16 años: no se puede inscribir,reglas fila 8
"Resolución que exige alta en SS, sin alta",Resolución de concesión (todavía sin TIE),Residencia y trabajo por cuenta ajena – SIN limitación de comunidad ni ocupación,01/09/2026,,,,Sí,26/09/2026,IC,01/03/2027,"SÍ, con límites",Se graba IC mientras no conste el alta,Tabla comentada IC (resolución + 6 meses)
TIE con la pregunta del alta marcada por error,TIE (tarjeta de identidad de extranjero),Residencia y trabajo por cuenta ajena – SIN limitación de comunidad ni ocupación,15/06/2026,15/06/2027,,,Sí,26/09/2026,T0,15/06/2027,SÍ,solo cuenta para resoluciones,reglas fila 11
Arraigo con una tarjeta de 10 años,TIE (tarjeta de identidad de extranjero),"Circunstancias excepcionales / arraigo (social, sociolaboral, familiar, 2ª oportunidad)",01/01/2020,01/01/2030,,,,26/09/2026,R5,01/01/2030,SÍ,no es habitual en R5,"reglas N:Q (R5: hasta 5,5 años)"
R6 con fecha posterior al RD 1155,TIE (tarjeta de identidad de extranjero),Circunstancias excepcionales + «NO AUTORIZA A TRABAJAR»,01/06/2025,01/06/2026,,,,26/09/2026,R6,01/06/2026,NO,R6 solo existe para autorizaciones anteriores al 20/05/2025,Tabla comentada R6 · reglas fila 19
Visado de turista,Visado pegado en el pasaporte,Visado de corta duración o turista (hasta 90 días),,,,,,26/09/2026,NO SE INSCRIBE,—,,,EN TRÁMITE (estancias de corta duración) · reglas fila 67
Visado de residencia y trabajo sin TIE,Visado pegado en el pasaporte,Visado de residencia y trabajo (aún sin TIE),,,,,,26/09/2026,Pide la resolución,—,,vuelve al paso 1,reglas fila 66
Regularización extraordinaria con la comunicación de inicio,"Solicitud, resguardo o comunicación de Extranjería en trámite","Regularización extraordinaria (RD 316/2026, DA 20ª o 21ª) – comunicación de inicio",20/06/2026,,,,,26/09/2026,RE,20/09/2026,SÍ,Ese plazo ya ha pasado,Tabla comentada RE (solicitud + 3 meses) · reglas fila 35
Familiar de UE renovando la temporal a permanente,"Solicitud, resguardo o comunicación de Extranjería en trámite",Solicitud de tarjeta permanente de familiar UE (resguardo),,31/01/2027,,,,26/09/2026,F1,28/02/2027,SÍ,,Tabla comentada F1 (+1 mes) · reglas fila 41
