# Casos de «Dónde enviar el CV»: para cada ocupación, el capítulo de la guía
# que tiene que salir PRIMERO. Se edita a mano, como casos.csv: el código y la
# denominación se copian del catálogo oficial, y el capítulo se decide
# leyendo la guía, nunca copiándolo de lo que contesta comun/guia.py.
# Capítulo vacío: la ocupación no tiene sector en la guía (sale lo general).
codigo,denominacion,capitulo
51201038,CAMAREROS DE SALA O JEFES DE RANGO,11-hosteleria
51101026,"COCINEROS, EN GENERAL",11-hosteleria
93101024,PINCHES DE COCINA,11-hosteleria
44221010,RECEPCIONISTAS DE HOTEL,11-hosteleria
92101027,CAMAREROS DE PISO (HOSTELERÍA),11-hosteleria
58311035,GOBERNANTES (HOSTELERÍA),11-hosteleria
52201079,"DEPENDIENTES DE COMERCIO, EN GENERAL",10-comercio
55001018,CAJEROS DE COMERCIO,10-comercio
98201011,REPONEDORES DE HIPERMERCADO,10-comercio
77011015,CARNICEROS PARA LA VENTA EN COMERCIO,10-comercio
52201110,DEPENDIENTES DE FARMACIA,41-farmacias
77031039,PANADEROS,37-alimentacion
98111024,"MOZOS DE CARGA Y DESCARGA, ALMACÉN Y/O MERCADO DE ABASTOS",12-logistica
83331015,"CONDUCTORES-OPERADORES DE CARRETILLA ELEVADORA, EN GENERAL",12-logistica
84321042,"CONDUCTORES DE CAMIÓN, EN GENERAL",35-mensajeria
84121035,"CONDUCTORES DE FURGONETA, HASTA 3,5 T.",35-mensajeria
84201032,CONDUCTORES DE AUTOBÚS URBANO,20-transporte
84111014,"CONDUCTORES PROPIETARIOS DE AUTOMÓVILES, TAXIS Y FURGONETAS",43-movilidad
54301012,EXPENDEDORES DE COMBUSTIBLE,43-movilidad
92101050,PERSONAL DE LIMPIEZA O LIMPIADORES EN GENERAL,13-limpieza
91001018,EMPLEADOS DE HOGAR,46-hogar
57101013,ASISTENTES DOMICILIARIOS,14-cuidados
56111022,AUXILIARES DE ENFERMERÍA DE GERIATRÍA,14-cuidados
56111059,"AUXILIARES DE ENFERMERÍA HOSPITALARIA, EN GENERAL",27-sanidad
21211010,ENFERMEROS DE CUIDADOS GENERALES,27-sanidad
59411028,VIGILANTES DE SEGURIDAD,19-seguridad
59921017,BAÑISTAS-SOCORRISTAS,16-deporte
37241034,MONITORES DE EDUCACIÓN Y TIEMPO LIBRE,15-monitores
58111037,PELUQUEROS UNISEX,31-estetica
58121030,ESTETICISTAS,31-estetica
58211027,AUXILIARES DE VUELO,28-aeropuerto
61201028,"JARDINEROS, EN GENERAL",36-jardineria
71211015,ALBAÑILES,21-construccion
75101033,"INSTALADORES ELECTRICISTAS, EN GENERAL",34-instalaciones
72211012,FONTANEROS,34-instalaciones
74011119,"MECÁNICOS-AJUSTADORES DEL AUTOMÓVIL, EN GENERAL (TURISMOS Y FURGONETAS)",30-industria
44241016,TELEOPERADORES,18-administracion
43091029,"EMPLEADOS ADMINISTRATIVOS, EN GENERAL",18-administracion
38201017,PROGRAMADORES DE APLICACIONES INFORMÁTICAS,22-tecnologia
22511010,MAESTROS DE EDUCACIÓN INFANTIL,29-educacion
25111040,"ABOGADOS, EN GENERAL",39-asesorias
58931044,PELUQUEROS DE PERROS,44-animales
95111016,"PEONES AGRÍCOLAS, EN GENERAL",
28301017,SACERDOTES DE LAS DISTINTAS RELIGIONES,
81111015,MINEROS DE ARRANQUE DE CARBÓN Y OTROS MINERALES,
