codigo,grupo,que_es,puede_trabajar,restriccion,colectivo,se_inscribe_con,fecha_fin,ojo
UE (id. E),RÉGIMEN COMUNITARIO (UE / EEE / SUIZA) Y BREXIT,Ciudadano UE/EEE/Suiza con certificado de registro (NIE).,SÍ,N,—,DNI o pasaporte del país + certificado de registro UE (no tiene foto: siempre junto al DNI/pasaporte).,01/01/2200 (el certificado no caduca).,Mismo trato que una persona española. No necesitan autorización de trabajo.
UE (id. U),RÉGIMEN COMUNITARIO (UE / EEE / SUIZA) Y BREXIT,Ciudadano UE sin NIE todavía (estancia < 3 meses o exporta su prestación con U2).,SÍ,N,—,DNI o pasaporte del país en vigor.,Fecha de registro + 180 días.,Pasar de U a E al tener NIE. Si no cambia antes de la 2ª renovación: baja 111.
F1,RÉGIMEN COMUNITARIO (UE / EEE / SUIZA) Y BREXIT,"Familiar extracomunitario de ciudadano UE (cónyuge, pareja, hijos < 21 o a cargo, ascendientes a cargo).",SÍ,N,—,Tarjeta de familiar UE · o solicitud de renovación + pasaporte · o resolución favorable + pasaporte · o resolución DESFAVORABLE + pasaporte (si acredita el vínculo y la denegación es por art. 7 RD 240/2007) · o pasaporte + documentos del vínculo (sin NIE: identificador W).,La de la tarjeta (5 años). Resolución desfavorable: resolución + 5 años. Identificador W / documentos del vínculo: registro + 180 días. Renovando tarjeta temporal a permanente con resguardo: + 1 mes.,W a E antes de la 2ª renovación o baja 112. Si fallece el familiar comunitario se renueva igual. Los familiares de ESPAÑOLES no van aquí: R0.
P0,RÉGIMEN COMUNITARIO (UE / EEE / SUIZA) Y BREXIT,Británicos residentes en España antes del 31/12/2020 y sus familiares (Acuerdo de Retirada).,SÍ,N,—,TIE «Art. 50 TUE» · o certificado de registro UE + pasaporte/DNI · familiares: tarjeta de familiar Brexit o de familiar UE.,TIE: la de la TIE. Certificado de registro: 01/01/2200.,"Británicos llegados desde el 01/01/2021: régimen general, con el código de su TIE."
P1,LARGA DURACIÓN,Residencia de larga duración (nacional o UE).,SÍ,N,—,TIE o resolución de concesión.,La de la TIE. TIE caducada con cita previa: fecha de la cita + 100 días (anotar la cita como fecha de solicitud de renovación). Sin cita: hoy + 1 mes.,"Que caduque la tarjeta NO extingue la autorización. Si pide P1 inicial en plazo, se trata como una renovación de la anterior."
R0,FAMILIARES DE PERSONAS ESPAÑOLAS,"Familiares de españoles: cónyuge, pareja, hijos, ascendientes, padre/madre/tutor de menor español, cuidador de español dependiente, hijos de español de origen, otros a cargo.",SÍ,N,Solo «otros familiares a cargo» (art. 97.1.i) con la solicitud en trámite: Col. 17,TIE · resolución · o solicitud admitida a trámite.,TIE/resolución: la que conste (5 años). Solicitud en trámite: fecha de presentación + 2 meses (se prorroga por periodos iguales hasta resolución).,Con la solicitud admitida ya pueden residir y trabajar sin límites (RD 316/2026). Antes este colectivo iba en F1.
R1,NO LUCRATIVAS Y REAGRUPACIÓN FAMILIAR,Residencia no lucrativa INICIAL (1 año).,NO,S,No (Col. 17 solo en R1 concedidas antes del 20/05/2025),TIE o resolución.,La de la TIE (1 año).,"Se inscribe porque puede pedir modificación a residencia y trabajo (contrato + requisitos art. 74, con Situación Nacional de Empleo)."
R2,NO LUCRATIVAS Y REAGRUPACIÓN FAMILIAR,Residencia no lucrativa RENOVADA (2 años).,NO,S,No,TIE o resolución.,La de la TIE (2 años).,"Modificación a residencia y trabajo con contrato, sin Situación Nacional de Empleo."
R3,NO LUCRATIVAS Y REAGRUPACIÓN FAMILIAR,"Reagrupación familiar CON restricciones (1er año): menores representados, ascendientes > 65 a cargo, hijo/a cuidador de reagrupante dependiente.",NO,S,—,TIE (pone «No autoriza a trabajar») o resolución.,La del reagrupante (mín. 1 año).,El empleador pide la modificación a residencia y trabajo. Al renovar pasan a R7.
R7,NO LUCRATIVAS Y REAGRUPACIÓN FAMILIAR,"Reagrupación familiar SIN restricciones: cónyuge, pareja e hijos en edad laboral; hijos nacidos en España; R3 renovadas.",SÍ,N,—,TIE o resolución.,La del reagrupante. Hijos menores (arts. 159-160): 5 años.,La TIE puede decir «No autoriza a trabajar» si se expidió siendo menor: SÍ puede trabajar.
R5,CIRCUNSTANCIAS EXCEPCIONALES Y ARRAIGOS,"Arraigos (segunda oportunidad, sociolaboral, social, familiar), razones humanitarias, colaboración con autoridades o contra redes, víctimas de violencia de género/sexual y de trata.",SÍ,N,—,TIE o resolución (si la resolución exige alta en SS y aún no hay alta: IC). Arraigo sociolaboral: también la solicitud admitida a trámite.,La de la TIE. Arraigos: 1 año + prórrogas de 1 año. Arraigo familiar: 5 años. Provisionales: 1 año; definitivas: 5 años. Sociolaboral en trámite: fecha de admisión + 3 meses (prorrogable comprobando que sigue en trámite).,"Para prorrogar arraigos (2ª oportunidad, sociolaboral, social) necesitan estar inscritos y en búsqueda activa. R5 por protección internacional: desde el 12/06/2026 no se conceden ni renuevan; las vigentes sí se inscriben."
RF,CIRCUNSTANCIAS EXCEPCIONALES Y ARRAIGOS,Arraigo socioformativo.,"SÍ, con límites",S,"No (Col. 17 solo en RF antiguas del RD 557, hasta acreditar la formación)",TIE o resolución. La solicitud en trámite NO permite inscribir.,La de la TIE: 1 año + prórrogas de 1 año.,"Solo cuenta ajena, máximo 30 h/semana. Con contrato: modificación a residencia y trabajo (4 años). Puede hacer contrato de formación en alternancia."
R6,CIRCUNSTANCIAS EXCEPCIONALES Y ARRAIGOS,Circunstancias excepcionales que NO autorizan a trabajar (concedidas antes del 20/05/2025; incluye el antiguo R4).,NO,S,—,TIE o resolución con «No autoriza a trabajar».,La de la TIE.,Código a extinguir (no existe en el RD 1155/2024). Si ya tiene autorización de trabajo: R5.
RE,CIRCUNSTANCIAS EXCEPCIONALES Y ARRAIGOS,Regularización extraordinaria (RD 316/2026): solicitantes de protección internacional (DA 20) y personas en situación irregular (DA 21).,SÍ,N,—,Comunicación de inicio / admisión a trámite + NIE + pasaporte · o TIE / resolución.,"Con la comunicación de inicio: fecha de solicitud + 3 meses (prorrogable de 3 en 3, consultando Extranjería). Con la autorización: su vigencia (1 año).","Es RE, NO R5. Plazo de solicitud cerrado el 30/06/2026. Prórroga de 1 año si está inscrito + búsqueda activa (o informe de integración). Si sigue siendo solicitante de PI puede inscribirse por una vía u otra, según lo que acredite."
R8,MOVILIDAD INTERNACIONAL (LEY 14/2013),"Emprendedores, profesionales altamente cualificados (incl. tarjeta azul UE), investigadores, traslado intraempresarial, teletrabajo internacional.","SÍ, con límites",S,—,"TIE, resolución o visado.",3 años + 2 de renovación (visado de teletrabajo: 1 año).,"Solo en las condiciones de su autorización. Si se inscribe con visado, a los 6 meses debe tener TIE. Silencio positivo a los 20 días."
R9,MOVILIDAD INTERNACIONAL (LEY 14/2013),Familiares de titulares de R8.,SÍ,N,—,"TIE, resolución o visado.",La del titular R8.,Trabajan en todo el territorio.
T0,RESIDENCIA Y TRABAJO,"Cuenta ajena INICIAL sin restricciones: Chile, Perú, exentos de Situación Nacional de Empleo (art. 40), movilidad de jóvenes (Canadá, Corea, Japón, Australia, N. Zelanda, Argentina).",SÍ,N,—,TIE o resolución (si aún no consta el alta en SS: IC).,"La de la actividad, máx. 1 año.",Sin límite geográfico ni de ocupación.
T1,RESIDENCIA Y TRABAJO,Cuenta ajena INICIAL con restricciones (una comunidad autónoma y una ocupación).,"SÍ, con límites",S,—,TIE o resolución (sin alta en SS: IC). Si el empleador no llega a contratar: documento de Extranjería para intermediación.,"La de la actividad, máx. 1 año. Documento de intermediación: fecha de emisión + 3 meses.",Grabar «Ámbito territorial» y «Actividad/Ocupaciones». Cambiar de ámbito u ocupación exige Situación Nacional de Empleo.
T2,RESIDENCIA Y TRABAJO,Cuenta ajena y/o propia RENOVADA.,SÍ,N,—,TIE o resolución.,4 años (1 año si la inicial fue de menos de 1 año).,Cualquier actividad y territorio. Incluye el antiguo T4.
T3,RESIDENCIA Y TRABAJO,Cuenta propia INICIAL (una comunidad autónoma y un sector).,"SÍ, con límites",S,—,TIE o resolución.,1 año.,Puede inscribirse para compatibilizar con cuenta ajena. Pasar a cuenta ajena exige Situación Nacional de Empleo.
IC,RESIDENCIA Y TRABAJO,"Inscripción condicionada al alta en SS: resolución concesoria (T0, T1, M3, R5…) que exige alta y aún no se ha producido.","SÍ, con límites",S,—,Resolución concesoria.,Fecha de resolución + 6 meses.,"NUEVO (junio 2026). Si ya hay alta o trae TIE: se graba su código real, no IC."
D1,RESIDENCIA Y TRABAJO,"Residencia con excepción de autorización de trabajo (art. 88 RD 1155/2024): investigadores, profesorado universitario, corresponsales, religiosos, cargos sindicales, desplazados desde la UE…","SÍ, con límites",S,—,TIE o resolución.,"La de la actividad, máx. 1 año (prórroga hasta 4 años).",Solo en las actividades exceptuadas. Nombre cambiado en junio 2026 (antes: solicitantes de prestación exceptuados).
M1,MENORES Y JÓVENES EXTUTELADOS,Menor tutelado CON autorización de residencia.,"SÍ, con límites",N,—,"TIE, resolución y/o acreditación de Protección de Menores de la CM.",2 años (renovación: 3 años).,"Desde 16 años, en actividades que proponga la entidad. Al cumplir 18, pedir M3 prorroga el M1 hasta la resolución."
M2,MENORES Y JÓVENES EXTUTELADOS,Menor tutelado de 16-18 años SIN autorización de residencia.,NO,S,—,NIE + pasaporte + acreditación individual de Protección de Menores de la CM.,Fecha de nacimiento + 18 años + 90 días.,Solo programas de educación o formación.
M3,MENORES Y JÓVENES EXTUTELADOS,Joven extutelado mayor de edad con autorización régimen de menores (venía de M1).,SÍ,N,—,TIE o resolución (sin alta en SS: IC).,2 años + renovaciones de 2 hasta larga duración.,"Cuenta ajena y propia, sin Situación Nacional de Empleo."
R5 (ex-MENA),MENORES Y JÓVENES EXTUTELADOS,Joven extutelado que cumple 18 SIN autorización como menor (art. 174). Excepcionalmente hasta los 20 años.,SÍ,N,—,TIE o resolución (sin alta en SS: IC).,2 años + renovaciones de 2.,"Se graba como R5. Cuenta ajena y propia, sin Situación Nacional de Empleo."
E1,"ESTUDIOS, PRÁCTICAS Y VISADOS DE BÚSQUEDA DE EMPLEO","Estancia de larga duración por estudios, movilidad de alumnos, voluntariado, actividades formativas o especialización sanitaria.","SÍ, con límites",S,—,Visado o TIE.,La de la actividad (máx. 1 año; estudios superiores: su duración oficial).,"Estudios superiores: trabaja automáticamente, máx. 30 h/semana, en su comunidad o limítrofes. Resto: necesita autorización. No cotizan por desempleo. Si pide modificación (art. 190), trabaja desde la admisión a trámite."
E2,"ESTUDIOS, PRÁCTICAS Y VISADOS DE BÚSQUEDA DE EMPLEO",Búsqueda de empleo o emprendimiento tras terminar estudios superiores (nivel 6 MECES).,NO,S,—,TIE o resolución.,"24 meses, improrrogables.","Al encontrar empleo o emprender, pide la autorización correspondiente. Pedir E2 prorroga el E1."
E3,"ESTUDIOS, PRÁCTICAS Y VISADOS DE BÚSQUEDA DE EMPLEO",Prácticas (convenio o contrato) de titulados superiores de los 2 últimos años o estudiantes.,"SÍ, con límites",S,—,TIE o resolución.,"12 meses o lo que dure el convenio. Renovable 1 vez, máx. 2 años en total.",Solo para las prácticas autorizadas.
V1 (hijos/nietos),"ESTUDIOS, PRÁCTICAS Y VISADOS DE BÚSQUEDA DE EMPLEO",Visado de búsqueda de empleo para hijos y nietos de español de origen.,NO,S,—,Visado + certificación de la Oficina de Extranjería.,12 meses.,"Busca en cualquier ámbito y ocupación, sin Situación Nacional de Empleo. Para trabajar, el empleador pide autorización inicial (que prorroga el visado)."
V1 (ocupaciones),"ESTUDIOS, PRÁCTICAS Y VISADOS DE BÚSQUEDA DE EMPLEO",Visado de búsqueda de empleo para determinadas ocupaciones y territorios (antes V2).,NO,S,—,Visado.,12 meses.,Grabar «Ámbito territorial» y «Actividad/Ocupaciones».
C1,"PROTECCIÓN INTERNACIONAL, APATRIDIA Y PROTECCIÓN TEMPORAL",Solicitante de protección internacional entre el 2º y el 5º mes · permanencia provisional por apatridia · penados en régimen abierto o libertad condicional.,NO,S,PI y apatridia: Col. 17 · Penados: Col. 10,Tarjeta roja SIN «autoriza a trabajar» o resguardo blanco · tarjeta de permanencia provisional · resolución o auto de clasificación (penados).,La del documento. Penados: máx. 6 meses y hasta el fin de la condena.,"1er mes de PI: no se inscribe. Desde el 6º mes: pasa a A1 y se quita el Col. 17. Los penados sí trabajan en lo autorizado, pero no son residentes."
A1,"PROTECCIÓN INTERNACIONAL, APATRIDIA Y PROTECCIÓN TEMPORAL",Solicitante de protección internacional con «autoriza a trabajar» (desde el 6º mes hasta la resolución).,SÍ,N,Quitar Col. 17 si lo tenía,Tarjeta roja con «autoriza a trabajar» o resguardo cuando ya ha pasado el 6º mes + declaración responsable de no inadmisión ni resolución.,La del documento.,Cualquier recurso en PI prorroga la solicitud (en PI sí vale el recurso de reposición).
A2,"PROTECCIÓN INTERNACIONAL, APATRIDIA Y PROTECCIÓN TEMPORAL","Asilo o protección subsidiaria concedidos, y familiares con extensión.",SÍ,N,—,Documento de identidad de asilo o protección subsidiaria.,"1 año, prorrogable otro año.","Sin limitación, salvo la vigencia del documento."
A3,"PROTECCIÓN INTERNACIONAL, APATRIDIA Y PROTECCIÓN TEMPORAL",Apátrida reconocido.,SÍ,N,—,Documento de identidad de apátrida.,2 años.,"Sin limitación, salvo la vigencia del documento."
A4,"PROTECCIÓN INTERNACIONAL, APATRIDIA Y PROTECCIÓN TEMPORAL","Protección temporal por afluencia masiva (actualmente, personas desplazadas de Ucrania).",SÍ,N,—,"Documento o solicitud de protección temporal, CON o SIN «autoriza a trabajar».",La del documento. Prorrogada actualmente hasta el 04/03/2027.,Se puede inscribir a partir de las 24 h de expedirse el documento.
R4,CÓDIGOS QUE YA NO SE USAN (por si aparecen en documentos antiguos),"Antiguas circunstancias excepcionales (humanitarias, colaboración…) sin permiso de trabajo.",—,—,—,—,—,Usar R6 (o R5 si autoriza a trabajar).
T4,CÓDIGOS QUE YA NO SE USAN (por si aparecen en documentos antiguos),Antigua cuenta propia renovada.,—,—,—,—,—,Usar T2.
V2,CÓDIGOS QUE YA NO SE USAN (por si aparecen en documentos antiguos),Antiguo visado de búsqueda por ocupaciones y territorios.,—,—,—,—,—,Usar V1 (ocupaciones).
V3,CÓDIGOS QUE YA NO SE USAN (por si aparecen en documentos antiguos),Antiguo visado de residencia en movilidad internacional.,—,—,—,—,—,Usar R8.
