apartado,nombre,dato
CONSULTAS,Estado de expedientes de extranjería (sede electrónica),https://sede.administracionespublicas.gob.es/infoext2/index.html
CONSULTAS,Web central de Extranjería,http://extranjeria.map.es/central/
CONSULTAS,Hojas informativas de procedimientos (Ministerio de Inclusión),https://www.inclusion.gob.es/web/migraciones/listado-completo
CONSULTAS,Consulta de datos ICDA (intranet Comunidad de Madrid),http://intranet.madrid.org/icda_web
CONSULTAS,Tablón edictal del BOE (resoluciones de protección internacional),https://www.boe.es/notificaciones/notificaciones.php
CONSULTAS,Modelos de DNI de países UE/EEE/Suiza (PRADO),http://www.consilium.europa.eu/prado/es/search-by-document-country.html
CONSULTAS,Recursos de protección internacional (correo),asilo.recursos@interior.es
CONSULTAS,Oficina de Asilo y Refugio (correo),oar@interior.es
TELÉFONOS Y SMS,Información general Extranjería Madrid (L-V 9:00-14:00),91 272 95 00
TELÉFONOS Y SMS,Información automatizada de expedientes,902 022 222
TELÉFONOS Y SMS,Administración General del Estado,060
TELÉFONOS Y SMS,"SMS estado de expediente (NIE + número, o EXPE + nº de 15 dígitos)",600 124 377
OFICINAS DE EXTRANJERÍA EN MADRID,Silva: régimen comunitario y reagrupación familiar,"C/ de la Luna, 4 · 28004 Madrid"
OFICINAS DE EXTRANJERÍA EN MADRID,García de Paredes: residencia y trabajo por cuenta ajena y propia,"C/ García de Paredes, 65 · 28010 Madrid"
OFICINAS DE EXTRANJERÍA EN MADRID,"Leganés: asilo, protección internacional y larga duración (zona sur)","Plaza de España, 1 · 28911 Leganés"
NORMATIVA BÁSICA,Ley Orgánica 4/2000 de extranjería,Derechos y libertades de los extranjeros
NORMATIVA BÁSICA,Real Decreto 1155/2024 · Reglamento de extranjería,En vigor desde el 20/05/2025 (deroga el RD 557/2011)
NORMATIVA BÁSICA,Real Decreto 316/2026 · modificación del Reglamento,"Regularización extraordinaria, R0, arraigo sociolaboral"
NORMATIVA BÁSICA,Orden TAS 3698/2006,Inscripción de extranjeros no comunitarios en los SPE
NORMATIVA BÁSICA,Real Decreto 240/2007,Ciudadanos UE/EEE y sus familiares
