lista,opcion,tipo,cod1,cod2,vigencia,aviso,marca
L_TIE,«RESIDENCIA TEMPORAL» + «AUTORIZA A TRABAJAR» / «CUENTA AJENA» sin decir el motivo,GEN,,,DOC,"La tarjeta no dice por qué se concedió: pide la resolución de concesión o consulta el expediente. La duración orienta: unos 12 meses = arraigo (R5) o cuenta ajena inicial (T0/T1); 2 años = M3, ex-MENA o reagrupación; 4 años = renovada (T2); 5 años = familiar de español (R0), arraigo familiar o definitiva (R5), hijos reagrupados (R7).",RE
L_TIE,«RESIDENCIA» + «RESIDENCIA LARGA DURACIÓN AUTORIZA A TRABAJAR» (o «LARGA DURACIÓN-UE»),FIX,P1,,DOC,La larga duración no se extingue aunque caduque la tarjeta.,
L_TIE,«ARTÍCULO 50 TUE» (anverso) · «EMITIDO BAJO ART. 18.4 ACUERDO RETIRADA» (reverso),FIX,P0,,DOC,"Británico o familiar. Si además pone «PERMANENTE», es la de 10 años.",
L_TIE,«RÉGIMEN COMUNITARIO» · «FAMILIAR CIUDADANO DE LA UNIÓN» · observaciones «RESIDENTE» + documento del familiar,FIX,F1,,DOC,Si el familiar es británico residente antes de 2021: P0. Tarjetas antiguas de familiares de españoles en vigor: también F1.,
L_TIE,Familiar de persona de nacionalidad española,FIX,R0,,DOC,,
L_TIE,Pone «EDAD LABORAL» (autoriza o habilita a trabajar al alcanzar la edad laboral),FIX,R7,,DOC,"Hijos reagrupados, nacidos en España o menores que acompañan a sus padres: pueden trabajar desde los 16 años sin más trámite. Si es un menor TUTELADO por la CM (viene con la entidad de protección): M1. Si la tarjeta dice «LARGA DURACIÓN»: P1.",
L_TIE,Reagrupación familiar – autoriza a trabajar o no dice nada,FIX,R7,,DOC,"Cónyuge, pareja, hijos en edad laboral o reagrupación renovada.",
L_TIE,Reagrupación familiar + «NO AUTORIZA A TRABAJAR»,REAG,R3,R7,DOC,"R3 si es ascendiente, menor representado o hijo cuidador en su primer año. Si la tarjeta se hizo cuando era menor y ya tiene 16+ (o es renovada): R7.",
L_TIE,Residencia no lucrativa,DUR,R1,R2,DOC,Se distingue por la duración: 1 año = inicial (R1); 2 años = renovada (R2).,OLD17
L_TIE,Residencia y trabajo por cuenta ajena – SIN limitación de comunidad ni ocupación,DUR,T0,T2,DOC,"Hasta 1 año = inicial (T0: Chile, Perú, art. 40, movilidad de jóvenes). Más de 1 año = renovada (T2).",
L_TIE,Residencia y trabajo por cuenta ajena – CON limitación (en observaciones aparece una ocupación o un ámbito),FIX,T1,,DOC,Graba «Ámbito territorial» y «Actividad/Ocupaciones».,
L_TIE,Residencia y trabajo por cuenta propia,DUR,T3,T2,DOC,"Hasta 1 año = inicial (T3, con limitación). Más de 1 año = renovada (T2).",
L_TIE,"Circunstancias excepcionales / arraigo (social, sociolaboral, familiar, 2ª oportunidad)",FIX,R5,,DOC,"Arraigos: 1 año. Arraigo familiar: 5 años. Ojo: muchas tarjetas de arraigo solo dicen «RESIDENCIA TEMPORAL AUTORIZA A TRABAJAR CUENTA AJENA», sin nombrar el arraigo.",RE
L_TIE,"Víctima de violencia de género o sexual, trata, o colaboración con autoridades",FIX,R5,,DOC,Provisional: 1 año. Definitiva: 5 años. En la tarjeta no consta la condición de víctima ni el carácter provisional.,
L_TIE,Razones humanitarias / protección internacional,FIX,R5,,DOC,Desde el 12/06/2026 no se renuevan: debe ir pidiendo la modificación a otra autorización.,
L_TIE,Arraigo socioformativo / arraigo para la formación,FIX,RF,,DOC,Máximo 30 h/semana por cuenta ajena.,OLD17
L_TIE,Arraigo extraordinario / regularización extraordinaria (RD 316/2026),FIX,RE,,DOC,"Es RE, no R5.",
L_TIE,Circunstancias excepcionales + «NO AUTORIZA A TRABAJAR»,FIX,R6,,DOC,,R6
L_TIE,Menor no acompañado / régimen de menores,EDAD18,M1,M3,DOC,Menor de 18: M1. Mayor de 18 con autorización de régimen de menores: M3.,
L_TIE,Joven extutelado (18+) sin autorización previa de menor · «HABILITA PARA TRABAJAR POR CUENTA PROPIA Y POR CUENTA AJENA»,FIX,R5 (ex-MENA),,DOC,"Se graba como R5. Si venía de M1 (autorización de menor), es M3.",
L_TIE,"Movilidad internacional / Ley 14/2013 (emprendedor, alta cualificación, tarjeta azul, investigador, traslado, teletrabajo)",FIX,R8,,DOC,,
L_TIE,Familiar de titular de movilidad internacional (Ley 14/2013),FIX,R9,,DOC,,
L_TIE,"Estancia por estudios / estudiante, con «AUTORIZA A TRABAJAR» o «NO AUTORIZA A TRABAJAR»",FIX,E1,,DOC,Es E1 en los dos casos. Desde el 16/08/2022 las de estudios superiores llevan «AUTORIZA A TRABAJAR» (máx. 30 h/semana); antes ponían «NO AUTORIZA A TRABAJAR».,
L_TIE,Búsqueda de empleo o emprendimiento tras terminar estudios superiores,FIX,E2,,DOC,,
L_TIE,Prácticas (Ley 14/2013),FIX,E3,,DOC,,
L_TIE,"Excepción a la autorización de trabajo (investigador, profesor, corresponsal, religioso…)",FIX,D1,,DOC,Solo puede trabajar en la actividad exceptuada.,
L_TIE,"Movilidad de jóvenes (Canadá, Corea, Japón, Australia, N. Zelanda, Argentina)",FIX,T0,,DOC,,
L_TIE,Protección temporal (Ucrania),FIX,A4,,DOC,,
L_TIE,Refugiado / protección subsidiaria,FIX,A2,,DOC,,
L_TIE,Apátrida,FIX,A3,,DOC,,
L_TRAM,Renovación o prórroga de su autorización (resguardo),PREV,,,PREV,Pon en «Válido hasta» la de su tarjeta caducada y en «Solicitud de renovación» la del resguardo.,PLAZO
L_TRAM,Solicitud de familiar de persona española (R0) admitida a trámite,FIX,R0,,E2M,Pon en «Emisión / presentación» la de presentación. Prorrogable por periodos de 2 meses. Solo «otros familiares a cargo» (art. 97.1.i): Col. 17.,
L_TRAM,Arraigo sociolaboral admitido a trámite,FIX,R5,,E3M,Pon en «Emisión / presentación» la de admisión. Prorrogable de 3 en 3 meses comprobando que sigue en trámite.,
L_TRAM,"Regularización extraordinaria (RD 316/2026, DA 20ª o 21ª) – comunicación de inicio",FIX,RE,,E3M,"Pon en «Emisión / presentación» la de solicitud. Pide NIE, solicitud admitida y pasaporte. Prorrogable de 3 en 3 meses.",
L_TRAM,Larga duración inicial pedida con su autorización anterior,PREV,,,PREV,Se trata como una renovación de la autorización que tenía.,PLAZO
L_TRAM,Régimen de menores (M3) pedido al cumplir 18 teniendo M1,FIX,M1,,PREV,El M1 queda prorrogado hasta la resolución.,
L_TRAM,Autorización E2 pedida teniendo E1,FIX,E1,,PREV,El E1 queda prorrogado hasta la resolución.,
L_TRAM,Modificación de estudios a residencia y trabajo (art. 190) admitida,FIX,E1,,PREV,Trabaja provisionalmente desde la admisión a trámite.,
L_TRAM,Modificación a residencia y trabajo (art. 191/192) o residencia y trabajo inicial desde circunstancias excepcionales,PREV,,,PREV,Su autorización anterior queda prorrogada hasta la resolución.,
L_TRAM,Solicitud de tarjeta permanente de familiar UE (resguardo),FIX,F1,,V1M,Pon en «Válido hasta» la de la tarjeta temporal.,
L_TRAM,Recurso contencioso con medida cautelar favorable,PREV,,,PREV,Solo con la medida cautelar acreditada.,
L_TRAM,"Otro arraigo en trámite (social, familiar, 2ª oportunidad, socioformativo)",NO,,,NA,Hasta que se conceda no se puede inscribir.,
L_TRAM,Otra solicitud inicial sin autorización previa en vigor,NO,,,NA,,
L_TRAM,Recurso de reposición contra una denegación,NO,,,NA,Salvo en protección internacional.,
L_TRAM,Resolución denegatoria,NO,,,NA,,
L_PI,"Documento de registro de la solicitud (antes «manifestación de voluntad»), también en formato casero",NO,,,NA,"No permite inscribir ni autoriza a trabajar. Que vuelva con el resguardo de solicitud cuando haya pasado el primer mes, y que guarde este papel: su FECHA DE REGISTRO es la que cuenta para los plazos.",
L_PI,"Nuevo resguardo de solicitud (desde 12/06/2026), con fecha de registro impresa",PIMES,,,DOC,"Pon en «Emisión / presentación» la FECHA DE REGISTRO que trae el resguardo. 1er mes: no se inscribe. Del 2º al 5º mes: C1 + Col. 17. Desde el 6º mes: A1. En ambos casos, declaración responsable de no inadmisión. Pendiente de confirmar con Coordinación el cómputo desde el registro (antes se contaba desde la presentación).",
L_PI,Resguardo blanco antiguo o tarjeta roja SIN «autoriza a trabajar»,PIMES,,,DOC,Pon en «Emisión / presentación» la de PRESENTACIÓN de la solicitud. 1er mes: no se inscribe. Del 2º al 5º mes: C1 con Col. 17. Desde el 6º mes: A1 con declaración responsable.,
L_PI,Tarjeta roja CON «autoriza a trabajar»,FIX,A1,,DOC,Declaración responsable de no inadmisión ni resolución. Quita el Col. 17 si lo tenía.,
L_PI,Denegación NO firme recurrida (reposición o contencioso),PIMES,,,DOC,"Pide pasaporte, resolución denegatoria, justificante del recurso en plazo y declaración responsable de que no está resuelto. Pon en «Emisión / presentación» la fecha de la solicitud inicial.",
L_PI,«Resguardo de prórroga de derechos por recurso administrativo/judicial» (9 meses),PIMES,,,DOC,Con este resguardo no hace falta la resolución ni el justificante del recurso. Pon en «Emisión / presentación» la fecha de la solicitud inicial.,
L_PI,Solicitud inadmitida o denegada en el primer mes (aunque esté recurrida),NO,,,NA,,
L_PI,Protección internacional denegada firme o desistida,NO,,,NA,"Salvo que tenga otra vía (regularización extraordinaria, arraigo sociolaboral admitido…).",
L_PI,Documento de identidad de refugiado o protección subsidiaria,FIX,A2,,DOC,,
L_PI,Autorización de permanencia provisional (solicitud de apatridia),FIX,C1,,DOC,Con Col. 17.,
L_PI,Documento de identidad de apátrida,FIX,A3,,DOC,,
L_PI,"Documento de protección temporal (Ucrania), con o sin «autoriza a trabajar»",FIX,A4,,DOC,Se inscribe a partir de las 24 h de expedirse.,
L_PI,Razones humanitarias tras denegarse la protección internacional,FIX,R5,,DOC,Desde el 12/06/2026 no se renuevan.,
L_VIS,"Visado de estudios, movilidad de alumnos, voluntariado o actividades formativas",FIX,E1,,DOC,,
L_VIS,Visado de búsqueda de empleo – hijos o nietos de español de origen,FIX,V1 (hijos/nietos),,DOC,Con certificación de la Oficina de Extranjería.,
L_VIS,Visado de búsqueda de empleo – ocupaciones y territorios concretos,FIX,V1 (ocupaciones),,DOC,,
L_VIS,Visado de movilidad internacional (Ley 14/2013),FIX,R8,,DOC,A los 6 meses debe tener TIE.,
L_VIS,Visado de familiar de titular de movilidad internacional,FIX,R9,,DOC,,
L_VIS,"Visado de movilidad de jóvenes (Canadá, Corea, Japón, Australia, N. Zelanda, Argentina)",FIX,T0,,DOC,,
L_VIS,Visado de residencia y trabajo (aún sin TIE),MSG,Pide la resolución,,NA,"Con la resolución de concesión, vuelve al paso 1 y elige «Resolución de concesión».",
L_VIS,Visado de corta duración o turista (hasta 90 días),NO,,,NA,,
L_UE,Ciudadano UE/EEE/Suiza con certificado de registro (NIE),FIX,UE (id. E),,2200,El certificado no tiene foto: pide también DNI o pasaporte.,
L_UE,Ciudadano UE/EEE/Suiza solo con DNI o pasaporte (sin NIE),FIX,UE (id. U),,H180,"Identificador U. Debe pasar a E antes de la 2ª renovación (si no, baja 111).",
L_UE,Británico con certificado de registro UE (residente antes de 2021),FIX,P0,,2200,,
L_UE,Británico llegado desde el 01/01/2021,MSG,Régimen general,,NA,"Vuelve al paso 1, elige «TIE» y codifica según su tarjeta.",
L_UE,Familiar de UE con resolución favorable + pasaporte (aún sin tarjeta),FIX,F1,,DOC,,
L_UE,Familiar de UE con resolución DESFAVORABLE + pasaporte (acredita el vínculo; denegada por art. 7),FIX,F1,,E5Y,Pon en «Emisión / presentación» la de la resolución.,
L_UE,Familiar de UE con pasaporte + documentos del vínculo (sin NIE),FIX,F1,,H180,"Identificador W. Debe pasar a E antes de la 2ª renovación (si no, baja 112). Familiares de ESPAÑOLES: R0.",
L_UE,Familiar de UE con solicitud de renovación de su tarjeta + pasaporte,FIX,F1,,PREV,,PLAZO
L_UE,Extracomunitario con residencia en otro país UE (quiere importar su prestación),NO,,,NA,Necesita autorización de estancia o residencia en España.,
L_OTRO,Acreditación de Protección de Menores de la CM (menor de 16-18 sin autorización),FIX,M2,,NAC,Solo para programas de educación o formación.,
L_OTRO,Resolución de 3er grado o libertad condicional que vale como autorización de trabajo,FIX,C1,,DOC,Penados: Col. 10 (no Col. 17). Máximo 6 meses y hasta el fin de la condena.,
L_OTRO,Documento de Extranjería para intermediación (el empleador del T1 no llegó a contratar),FIX,T1,,E3M,Pon en «Emisión / presentación» la del documento.,
L_OTRO,Certificado de silencio positivo de su renovación,PREV,,,PREV,Graba el código y la fecha que tendría la autorización ya renovada.,
L_OTRO,Orden de expulsión suspendida o cédula de inscripción,NO,,,NA,,
L_OTRO,"Autorización de temporada, fronterizo, deportista, alta dirección o artista",NO,,,NA,,
L_OTRO,Pasaporte sin ningún documento de estancia o residencia,NO,,,NA,,
