id,parte,zona,zona_titulo,titulo,apartados
01-oficina-de-empleo,II,,,Tu oficina de empleo,Trámites por internet y por teléfono | Oficinas de empleo de Madrid capital | Oficinas de empleo del resto de la Comunidad
02-prestaciones,II,,,Prestaciones por desempleo: el SEPE,Atención del SEPE | Oficinas de prestaciones
03-agencia-para-el-empleo,II,,,Agencia para el Empleo del Ayuntamiento de Madrid,Agencias de zona | Centros de formación y otros servicios
04-jovenes,I,,,Si tienes menos de 30 años,Garantía Juvenil | Información y asesoría juvenil | Programas de empleo y prácticas
05-tu-distrito,II,,,Recursos de tu distrito y de tu municipio,Mesas de empleo y ferias de empleo | Servicios de empleo de los ayuntamientos | Otros recursos de barrio
06-formacion,II,,,Formación para el empleo y acreditaciones,Centros de formación de la Comunidad de Madrid | Centros colaboradores con cursos gratuitos | Buscadores de cursos gratuitos | Acreditación de la experiencia | Carnés y acreditaciones que abren puertas
33-colectivos,I,,,"Más de 45, mujer, otro país, discapacidad, salud mental o por tu cuenta",Si tienes más de 45 años | Si eres mujer | Si vienes de otro país | Si tienes discapacidad | Si tienes un problema de salud mental | Si quieres trabajar por tu cuenta
07-agencias-de-colocacion,III,,,Agencias de colocación,Generalistas | Discapacidad | Entidades sociales | Empleo de hogar y cuidados | Centros de formación con bolsa de empleo | Recolocación
08-ett,III,,,Empresas de trabajo temporal,Grandes redes | Generalistas | Especializadas por sector
09-insercion,III,,,"Empresas de inserción, centros especiales de empleo y entidades sociales",Empresas de inserción | Centros especiales de empleo | Entidades sociales con programas de empleo
24-portales,III,,,Portales de empleo,"Generalistas | Hostelería y turismo | Sanidad y cuidados | Educación | Tecnología | Construcción, arquitectura e ingeniería | Ámbito social y ONG | Discapacidad | Comercio, administración y banca | Artes escénicas y audiovisual | Otros sectores"
10-comercio,IV,1,Tiendas y consumo,"Comercio: supermercados, tiendas y grandes superficies","Supermercados e hipermercados | Grandes almacenes y moda | Hogar, bricolaje y electrónica | Deporte, ocio y cultura | Perfumería y otros | Moda: marcas, portales y escuelas"
41-farmacias,IV,1,Tiendas y consumo,"Farmacias, ópticas, audiología y ortopedia",Farmacias y grupos de farmacias | Distribución y laboratorios farmacéuticos | Ópticas y audiología | Ortopedias y parafarmacias | Formación y colegios profesionales
37-alimentacion,IV,1,Tiendas y consumo,"Alimentación: fábricas, obradores y Mercamadrid","Panadería, pastelería y obradores | Cárnicas, lácteas, bebidas y conservas | Mercamadrid, mayoristas y mercados | Envasado y plataformas de alimentación | Formación y carnés"
31-estetica,IV,1,Tiendas y consumo,Peluquería y estética,Cadenas de peluquería y estética | Formación y asociaciones
11-hosteleria,IV,2,"Hostelería, ocio y turismo","Hostelería, restauración y hoteles",Cadenas de restauración | Hoteles | Bolsas y portales del sector
40-eventos,IV,2,"Hostelería, ocio y turismo","Eventos, ferias, congresos y espectáculos","Recintos feriales, estadios y salas | Azafatas, auxiliares y personal de eventos | Montaje, producción y técnica | Catering y restauración de eventos | Promotoras de conciertos y espectáculos"
16-deporte,IV,2,"Hostelería, ocio y turismo","Deporte, piscinas y socorrismo",Piscinas y socorrismo | Gimnasios y centros deportivos | Federaciones y formación
17-ocio-y-cultura,IV,2,"Hostelería, ocio y turismo","Ocio, cultura, centros comerciales y audiovisual",Parques de ocio | Cines y teatros | Centros comerciales | Audiovisual | Agencias de viajes
28-aeropuerto,IV,2,"Hostelería, ocio y turismo",Aeropuerto de Barajas,"Handling y servicios en pista | Tiendas, restauración y servicios al pasajero | Aerolíneas | Acreditaciones y acceso"
15-monitores,IV,3,"Salud, educación y cuidados","Monitores y monitoras: ocio educativo, comedores e intervención social","Ocio y tiempo libre | Comedores escolares y restauración colectiva | Granjas escuela, albergues y campamentos | Intervención social y educativa"
47-tercer-sector,IV,3,"Salud, educación y cuidados","Tercer sector: fundaciones, asociaciones y ONG","Grandes ONG y fundaciones | Discapacidad y salud mental | Infancia, juventud y familias | Migración, sinhogarismo e inclusión | Captación de socios | Portales y bolsas del tercer sector"
46-hogar,IV,3,"Salud, educación y cuidados",Empleo de hogar: trabajar para una familia,Agencias de empleo de hogar | Bolsas gratuitas de entidades y parroquias | Asesoría y defensa de tus derechos | Formación para el hogar y los cuidados
14-cuidados,IV,3,"Salud, educación y cuidados","Cuidados: ayuda a domicilio, residencias y centros de día",Ayuda a domicilio | Residencias y centros de día
44-animales,IV,3,"Salud, educación y cuidados","Animales: clínicas veterinarias, tiendas, residencias y protectoras","Clínicas y hospitales veterinarios | Tiendas, peluquerías y residencias | Protectoras y centros de acogida | Hípicas, granjas y centros con animales | Formación y colegio profesional"
27-sanidad,IV,3,"Salud, educación y cuidados","Sanidad: hospitales, clínicas y transporte sanitario","Hospitales y clínicas | Dental, óptica y laboratorios | Ambulancias y transporte sanitario | Bolsas y portales del sector"
29-educacion,IV,3,"Salud, educación y cuidados","Educación: colegios, escuelas infantiles y academias",Colegios y grupos educativos | Escuelas infantiles | Academias y formación | Bolsas y portales del sector
43-movilidad,IV,4,"Fábricas, almacenes y transporte","Aparcamientos, gasolineras, alquiler de vehículos y movilidad","Aparcamientos y grúas | Estaciones de servicio y lavado | Alquiler de vehículos y coche compartido | VTC, taxi y vehículos de movilidad compartida | ITV y autopistas"
35-mensajeria,IV,4,"Fábricas, almacenes y transporte","Transporte de mercancías, mensajería y reparto",Mensajería y paquetería | Transporte por carretera | Reparto a domicilio y plataformas | Permisos y formación
30-industria,IV,4,"Fábricas, almacenes y transporte","Industria, automoción y talleres","Automoción: fábricas, talleres y concesionarios | Industria y fabricación"
12-logistica,IV,4,"Fábricas, almacenes y transporte","Logística, almacén y reparto",Operadores logísticos | Paquetería y reparto | Comercio electrónico y distribución
20-transporte,IV,4,"Fábricas, almacenes y transporte",Transporte de viajeros,"Autobús urbano e interurbano | Metro, tren y otros | Permisos y formación"
13-limpieza,IV,5,"Edificios, oficios y mantenimiento","Limpieza, conserjería y servicios auxiliares",Grandes empresas de servicios | Empresas de limpieza | Limpieza viaria y residuos | Conserjería y servicios auxiliares
34-instalaciones,IV,5,"Edificios, oficios y mantenimiento","Energía, instalaciones y telecomunicaciones","Electricidad, climatización y fontanería | Energía solar y eficiencia | Telecomunicaciones y fibra | Compañías de energía y agua | Gremios, carnés y formación"
42-servicios-tecnicos,IV,5,"Edificios, oficios y mantenimiento","Lavanderías, tintorerías, reparaciones y servicios a domicilio","Lavanderías industriales y tintorerías | Reparaciones y asistencia en el hogar | Servicios técnicos de electrodomésticos y aparatos | Cerrajería, cristalería y pequeñas reformas | Arreglos de ropa, calzado y llaves"
36-jardineria,IV,5,"Edificios, oficios y mantenimiento","Jardinería, parques y medio ambiente","Empresas de jardinería y parques | Residuos, reciclaje y medio ambiente | Viveros y centros de jardinería | Carnés y formación"
21-construccion,IV,5,"Edificios, oficios y mantenimiento","Construcción, reformas y mantenimiento",Constructoras | Instalaciones y mantenimiento | Formación y tarjeta profesional
19-seguridad,IV,5,"Edificios, oficios y mantenimiento",Seguridad privada,Empresas de seguridad | Habilitación y formación
39-asesorias,IV,6,Oficinas y servicios profesionales,"Asesorías, gestorías, despachos y consultoras","Auditoras y grandes consultoras | Despachos de abogados | Asesorías y gestorías | Recursos humanos, nóminas y prevención | Colegios profesionales y bolsas de empleo"
45-publicidad,IV,6,Oficinas y servicios profesionales,"Artes gráficas, editoriales, medios y publicidad","Imprentas, packaging y rotulación | Editoriales y distribución de libros | Prensa, radio y medios digitales | Agencias de publicidad, marketing y comunicación | Formación y portales del sector"
22-tecnologia,IV,6,Oficinas y servicios profesionales,Tecnología y digital,Consultoras y servicios tecnológicos | Telecomunicaciones y electrónica | Formación digital gratuita
38-inmobiliarias,IV,6,Oficinas y servicios profesionales,"Inmobiliarias, administración de fincas y vivienda",Redes y agencias inmobiliarias | Promotoras y gestoras de vivienda | Administración de fincas y comunidades | Alquiler y residencias | Formación y colegios profesionales
18-administracion,IV,6,Oficinas y servicios profesionales,"Atención al cliente, contact center y administración","Contact center | Atención al cliente y televenta | Administración, recepción y secretariado | Back office y gestión documental"
32-banca,IV,6,Oficinas y servicios profesionales,Banca y seguros,Bancos | Seguros
25-empleo-publico,V,,,"Trabajar en lo público: oposiciones, bolsas, empresas públicas y Europa","Dónde se publican las convocatorias | Cómo preparar una oposición | Administración del Estado | Comunidad de Madrid | Ayuntamiento de Madrid y otros ayuntamientos | Policía, bomberos y Fuerzas Armadas | Universidades, hospitales y justicia | Empresas y entidades públicas | Prácticas y becas en la administración | Instituciones de la Unión Europea | Organismos internacionales | Trabajar en otro país europeo"
